id,input_text,label,bucket,group
05a7fc523e1c7fa4,"[SUBJECT] Radiohead [CANDIDATE] Ennio Morricone [CONTEXT] Other influences include the soundtracks of Ennio Morricone, 1960s rock groups such as the Beatles and the Beach Boys, and Phil Spector's ""wall of sound"" production.",1,direction_correct,pos||0455795289cc7d7d5835
dac9a16305cba533,"[SUBJECT] Ennio Morricone [CANDIDATE] Radiohead [CONTEXT] Other influences include the soundtracks of Ennio Morricone, 1960s rock groups such as the Beatles and the Beach Boys, and Phil Spector's ""wall of sound"" production.",0,direction_reversed,pos||0455795289cc7d7d5835
e8cfaa52d7b3197b,"[SUBJECT] Radiohead [CANDIDATE] Autechre [CONTEXT] The electronic music of Kid A was inspired by Yorke's admiration for artists signed to the record label Warp Records, such as Aphex Twin and Autechre.",1,direction_correct,pos||08ccbbcbf02af6db9019
67bdef664088cd9a,"[SUBJECT] Autechre [CANDIDATE] Radiohead [CONTEXT] The electronic music of Kid A was inspired by Yorke's admiration for artists signed to the record label Warp Records, such as Aphex Twin and Autechre.",0,direction_reversed,pos||08ccbbcbf02af6db9019
78dabd44cfb153a4,[SUBJECT] Radiohead [CANDIDATE] Krzysztof Penderecki [CONTEXT] Jonny Greenwood cited the influence of the 20th-century classical composers Krzysztof Penderecki and Olivier Messiaen.,1,direction_correct,pos||676c24f170c51ccfe6aa
1d126d0cb8a71aae,[SUBJECT] Krzysztof Penderecki [CANDIDATE] Radiohead [CONTEXT] Jonny Greenwood cited the influence of the 20th-century classical composers Krzysztof Penderecki and Olivier Messiaen.,0,direction_reversed,pos||676c24f170c51ccfe6aa
64815ed53e5abab3,"[SUBJECT] The Beatles [CANDIDATE] Elvis Presley [CONTEXT] The Beatles' earliest influences include Elvis Presley, Carl Perkins, Little Richard, Chuck Berry and Gene Vincent.",1,direction_correct,pos||c2b19381d1dbd1e9ba06
00100e902803637c,"[SUBJECT] Elvis Presley [CANDIDATE] The Beatles [CONTEXT] The Beatles' earliest influences include Elvis Presley, Carl Perkins, Little Richard, Chuck Berry and Gene Vincent.",0,direction_reversed,pos||c2b19381d1dbd1e9ba06
7e73e773793a211d,"[SUBJECT] The Beatles [CANDIDATE] Carl Perkins [CONTEXT] The Beatles' earliest influences include Elvis Presley, Carl Perkins, Little Richard, Chuck Berry and Gene Vincent.",1,direction_correct,pos||40a3fc182f78fd4c9f44
574b8a2e8ff55cbd,"[SUBJECT] Carl Perkins [CANDIDATE] The Beatles [CONTEXT] The Beatles' earliest influences include Elvis Presley, Carl Perkins, Little Richard, Chuck Berry and Gene Vincent.",0,direction_reversed,pos||40a3fc182f78fd4c9f44
f6759a07d6eb06c2,"[SUBJECT] The Beatles [CANDIDATE] Chuck Berry [CONTEXT] The Beatles' earliest influences include Elvis Presley, Carl Perkins, Little Richard, Chuck Berry and Gene Vincent.",1,direction_correct,pos||90810b23a5320e53fdff
bcf3256831a1833f,"[SUBJECT] Chuck Berry [CANDIDATE] The Beatles [CONTEXT] The Beatles' earliest influences include Elvis Presley, Carl Perkins, Little Richard, Chuck Berry and Gene Vincent.",0,direction_reversed,pos||90810b23a5320e53fdff
8d163d5984d27198,"[SUBJECT] The Beatles [CANDIDATE] Gene Vincent [CONTEXT] The Beatles' earliest influences include Elvis Presley, Carl Perkins, Little Richard, Chuck Berry and Gene Vincent.",1,direction_correct,pos||3ae3e4e90057b2560033
6d26c44f3449ca69,"[SUBJECT] Gene Vincent [CANDIDATE] The Beatles [CONTEXT] The Beatles' earliest influences include Elvis Presley, Carl Perkins, Little Richard, Chuck Berry and Gene Vincent.",0,direction_reversed,pos||3ae3e4e90057b2560033
131516806c0fe7a1,"[SUBJECT] The Beatles [CANDIDATE] Buddy Holly [CONTEXT] Other early influences include Buddy Holly, Eddie Cochran, Roy Orbison, the Everly Brothers and Jerry Lee Lewis.",1,direction_correct,pos||1e950a08bcfd6bee4e28
0a78f6de9131082e,"[SUBJECT] Buddy Holly [CANDIDATE] The Beatles [CONTEXT] Other early influences include Buddy Holly, Eddie Cochran, Roy Orbison, the Everly Brothers and Jerry Lee Lewis.",0,direction_reversed,pos||1e950a08bcfd6bee4e28
dc91ea62dac74ab6,"[SUBJECT] The Beatles [CANDIDATE] Eddie Cochran [CONTEXT] Other early influences include Buddy Holly, Eddie Cochran, Roy Orbison, the Everly Brothers and Jerry Lee Lewis.",1,direction_correct,pos||a50f6bec45dcbd9c407f
88276d9ad6ffbf6a,"[SUBJECT] Eddie Cochran [CANDIDATE] The Beatles [CONTEXT] Other early influences include Buddy Holly, Eddie Cochran, Roy Orbison, the Everly Brothers and Jerry Lee Lewis.",0,direction_reversed,pos||a50f6bec45dcbd9c407f
037d6da50968b762,"[SUBJECT] The Beatles [CANDIDATE] Roy Orbison [CONTEXT] Other early influences include Buddy Holly, Eddie Cochran, Roy Orbison, the Everly Brothers and Jerry Lee Lewis.",1,direction_correct,pos||2f168874f313762d1e6e
9172b63a5dee28e5,"[SUBJECT] Roy Orbison [CANDIDATE] The Beatles [CONTEXT] Other early influences include Buddy Holly, Eddie Cochran, Roy Orbison, the Everly Brothers and Jerry Lee Lewis.",0,direction_reversed,pos||2f168874f313762d1e6e
a15886e0b9699204,"[SUBJECT] The Beatles [CANDIDATE] Everly Brothers [CONTEXT] Other early influences include Buddy Holly, Eddie Cochran, Roy Orbison, the Everly Brothers and Jerry Lee Lewis.",1,direction_correct,pos||beba7f47140e18912bd9
3c20e4ee7e3caac3,"[SUBJECT] Everly Brothers [CANDIDATE] The Beatles [CONTEXT] Other early influences include Buddy Holly, Eddie Cochran, Roy Orbison, the Everly Brothers and Jerry Lee Lewis.",0,direction_reversed,pos||beba7f47140e18912bd9
077bd7d9490a31cc,"[SUBJECT] The Beatles [CANDIDATE] Jerry Lee Lewis [CONTEXT] Other early influences include Buddy Holly, Eddie Cochran, Roy Orbison, the Everly Brothers and Jerry Lee Lewis.",1,direction_correct,pos||e7d4af38fe8b3ff80be6
5f797637b1a36bb5,"[SUBJECT] Jerry Lee Lewis [CANDIDATE] The Beatles [CONTEXT] Other early influences include Buddy Holly, Eddie Cochran, Roy Orbison, the Everly Brothers and Jerry Lee Lewis.",0,direction_reversed,pos||e7d4af38fe8b3ff80be6
58be56f44d21cd28,"[SUBJECT] Brian Eno [CANDIDATE] Terry Riley [CONTEXT] Whilst inspired by the ideas of minimalist composers including John Cage, Terry Riley, Steve Reich.",1,direction_correct,pos||f2628a43c9e600a7f692
7b9c841a851d115d,"[SUBJECT] Terry Riley [CANDIDATE] Brian Eno [CONTEXT] Whilst inspired by the ideas of minimalist composers including John Cage, Terry Riley, Steve Reich.",0,direction_reversed,pos||f2628a43c9e600a7f692
647b4818e3b9bf42,"[SUBJECT] Brian Eno [CANDIDATE] Steve Reich [CONTEXT] Whilst inspired by the ideas of minimalist composers including John Cage, Terry Riley, Steve Reich.",1,direction_correct,pos||aa379379d2a080d2de95
2f399c03517e2122,"[SUBJECT] Steve Reich [CANDIDATE] Brian Eno [CONTEXT] Whilst inspired by the ideas of minimalist composers including John Cage, Terry Riley, Steve Reich.",0,direction_reversed,pos||aa379379d2a080d2de95
b9cafb85a4547d94,[SUBJECT] Neil Young [CANDIDATE] Bob Dylan [CONTEXT] Mitchell recalls Young as having been highly influenced by Bob Dylan at the time.,1,direction_correct,pos||4a2a15206f83cd4dfa8c
335f4e107622d67a,[SUBJECT] Bob Dylan [CANDIDATE] Neil Young [CONTEXT] Mitchell recalls Young as having been highly influenced by Bob Dylan at the time.,0,direction_reversed,pos||4a2a15206f83cd4dfa8c
91c0080b2404635d,"[SUBJECT] The Velvet Underground [CANDIDATE] Leopold von Sacher-Masoch [CONTEXT] ""Venus in Furs"" was inspired by Leopold von Sacher-Masoch's book of the same name.",1,direction_correct,pos||64774107643766e4eddc
42edf33cfab50a62,"[SUBJECT] Leopold von Sacher-Masoch [CANDIDATE] The Velvet Underground [CONTEXT] ""Venus in Furs"" was inspired by Leopold von Sacher-Masoch's book of the same name.",0,direction_reversed,pos||64774107643766e4eddc
376cf60984c52c81,"[SUBJECT] The Smiths [CANDIDATE] James Honeyman-Scott [CONTEXT] Marr's jangly guitar-playing was influenced by James Honeyman-Scott of the Pretenders, and Bert Jansch of Pentangle.",1,direction_correct,pos||6f797760be715dafb7a9
c0a446b687d0f114,"[SUBJECT] James Honeyman-Scott [CANDIDATE] The Smiths [CONTEXT] Marr's jangly guitar-playing was influenced by James Honeyman-Scott of the Pretenders, and Bert Jansch of Pentangle.",0,direction_reversed,pos||6f797760be715dafb7a9
a86b5ff238d12a07,"[SUBJECT] The Smiths [CANDIDATE] Bert Jansch [CONTEXT] Marr's jangly guitar-playing was influenced by James Honeyman-Scott of the Pretenders, and Bert Jansch of Pentangle.",1,direction_correct,pos||9a691072843ea7a05012
d12307a327fbc3b4,"[SUBJECT] Bert Jansch [CANDIDATE] The Smiths [CONTEXT] Marr's jangly guitar-playing was influenced by James Honeyman-Scott of the Pretenders, and Bert Jansch of Pentangle.",0,direction_reversed,pos||9a691072843ea7a05012
06778afba5009205,"[SUBJECT] The Smiths [CANDIDATE] the Cult [CONTEXT] Morrissey's songwriting was influenced by punk rock and post-punk bands such as New York Dolls, the Cramps, the Specials and the Cult.",1,direction_correct,pos||fe543c612881b255a96d
3e21503baba706df,"[SUBJECT] the Cult [CANDIDATE] The Smiths [CONTEXT] Morrissey's songwriting was influenced by punk rock and post-punk bands such as New York Dolls, the Cramps, the Specials and the Cult.",0,direction_reversed,pos||fe543c612881b255a96d
bad4b12ffa7ec3d1,"[SUBJECT] The Smiths [CANDIDATE] Dusty Springfield [CONTEXT] Morrissey's songwriting was influenced by 1960s girl groups and singers such as Dusty Springfield, Sandie Shaw, Marianne Faithfull and Timi Yuro.",1,direction_correct,pos||8b6395c28781436385a1
e0f5fbfda30d9760,"[SUBJECT] Dusty Springfield [CANDIDATE] The Smiths [CONTEXT] Morrissey's songwriting was influenced by 1960s girl groups and singers such as Dusty Springfield, Sandie Shaw, Marianne Faithfull and Timi Yuro.",0,direction_reversed,pos||8b6395c28781436385a1
03ba3a73dd9106a6,"[SUBJECT] The Smiths [CANDIDATE] Sandie Shaw [CONTEXT] Morrissey's songwriting was influenced by 1960s girl groups and singers such as Dusty Springfield, Sandie Shaw, Marianne Faithfull and Timi Yuro.",1,direction_correct,pos||e4d469e9e22cbfd2ce58
25e39e80a25b9f6e,"[SUBJECT] Sandie Shaw [CANDIDATE] The Smiths [CONTEXT] Morrissey's songwriting was influenced by 1960s girl groups and singers such as Dusty Springfield, Sandie Shaw, Marianne Faithfull and Timi Yuro.",0,direction_reversed,pos||e4d469e9e22cbfd2ce58
503b2675892ee674,"[SUBJECT] Joy Division [CANDIDATE] Kraftwerk [CONTEXT] Curtis was inspired by artists such as the Doors, Iggy Pop, David Bowie, Kraftwerk, the Velvet Underground and Neu!.",1,direction_correct,pos||99ab304303e84133f74f
f13f054ffbb06c7e,"[SUBJECT] Kraftwerk [CANDIDATE] Joy Division [CONTEXT] Curtis was inspired by artists such as the Doors, Iggy Pop, David Bowie, Kraftwerk, the Velvet Underground and Neu!.",0,direction_reversed,pos||99ab304303e84133f74f
78a8de91091bca2d,"[SUBJECT] Joy Division [CANDIDATE] the Doors [CONTEXT] Curtis was inspired by artists such as the Doors, Iggy Pop, David Bowie, Kraftwerk, the Velvet Underground and Neu!.",1,direction_correct,pos||006a1cd2bf39a8378aa3
c3d15766752dd4fa,"[SUBJECT] the Doors [CANDIDATE] Joy Division [CONTEXT] Curtis was inspired by artists such as the Doors, Iggy Pop, David Bowie, Kraftwerk, the Velvet Underground and Neu!.",0,direction_reversed,pos||006a1cd2bf39a8378aa3
34bc7950c205fe6e,"[SUBJECT] Joy Division [CANDIDATE] Iggy Pop [CONTEXT] Curtis was inspired by artists such as the Doors, Iggy Pop, David Bowie, Kraftwerk, the Velvet Underground and Neu!.",1,direction_correct,pos||ab3c4fb8c53dc7b5142c
0f13c1f440a91fd0,"[SUBJECT] Iggy Pop [CANDIDATE] Joy Division [CONTEXT] Curtis was inspired by artists such as the Doors, Iggy Pop, David Bowie, Kraftwerk, the Velvet Underground and Neu!.",0,direction_reversed,pos||ab3c4fb8c53dc7b5142c
cd833d69d5e1ec29,"[SUBJECT] Joy Division [CANDIDATE] Velvet Underground [CONTEXT] Curtis was inspired by artists such as the Doors, Iggy Pop, David Bowie, Kraftwerk, the Velvet Underground and Neu!.",1,direction_correct,pos||a29cd43d5cb28f1fa48b
3ab3c6a2f6308f08,"[SUBJECT] Velvet Underground [CANDIDATE] Joy Division [CONTEXT] Curtis was inspired by artists such as the Doors, Iggy Pop, David Bowie, Kraftwerk, the Velvet Underground and Neu!.",0,direction_reversed,pos||a29cd43d5cb28f1fa48b
b7bcf0d31966055c,"[SUBJECT] Joy Division [CANDIDATE] Neu! [CONTEXT] Curtis was inspired by artists such as the Doors, Iggy Pop, David Bowie, Kraftwerk, the Velvet Underground and Neu!.",1,direction_correct,pos||8cbc6dc61f73e21a08ab
37b0dce6deb0694a,"[SUBJECT] Neu! [CANDIDATE] Joy Division [CONTEXT] Curtis was inspired by artists such as the Doors, Iggy Pop, David Bowie, Kraftwerk, the Velvet Underground and Neu!.",0,direction_reversed,pos||8cbc6dc61f73e21a08ab
0601e79cb8d2a057,[SUBJECT] Led Zeppelin [CANDIDATE] Muddy Waters [CONTEXT] The influence of American blues artists such as Muddy Waters and Skip James was particularly apparent on their first two albums.,1,direction_correct,pos||cc8e4fe1cc0144285881
302180cb42ebfada,[SUBJECT] Muddy Waters [CANDIDATE] Led Zeppelin [CONTEXT] The influence of American blues artists such as Muddy Waters and Skip James was particularly apparent on their first two albums.,0,direction_reversed,pos||cc8e4fe1cc0144285881
151b007a604f967d,[SUBJECT] Led Zeppelin [CANDIDATE] J. R. R. Tolkien [CONTEXT] Plant's songwriting was inspired by J. R. R. Tolkien's high fantasy novel The Lord of the Rings.,1,direction_correct,pos||bdb016ef7c4d1d34edf5
2fe1d92248cc4abd,[SUBJECT] J. R. R. Tolkien [CANDIDATE] Led Zeppelin [CONTEXT] Plant's songwriting was inspired by J. R. R. Tolkien's high fantasy novel The Lord of the Rings.,0,direction_reversed,pos||bdb016ef7c4d1d34edf5
b5515471d463a321,"[SUBJECT] Black Sabbath [CANDIDATE] Django Reinhardt [CONTEXT] Inspired by Django Reinhardt, Iommi created two thimbles to cap off his missing fingertips.",1,direction_correct,pos||cad217444a87d007397d
9303af0b8c041c8e,"[SUBJECT] Django Reinhardt [CANDIDATE] Black Sabbath [CONTEXT] Inspired by Django Reinhardt, Iommi created two thimbles to cap off his missing fingertips.",0,direction_reversed,pos||cad217444a87d007397d
5c1ce9bcf4c89740,"[SUBJECT] Black Sabbath [CANDIDATE] Dennis Wheatley [CONTEXT] The lyrics for ""Black Sabbath"" were inspired by the work of horror writer Dennis Wheatley.",1,direction_correct,pos||25d6f4f660dd4cdea719
7696f6e1c4f0524e,"[SUBJECT] Dennis Wheatley [CANDIDATE] Black Sabbath [CONTEXT] The lyrics for ""Black Sabbath"" were inspired by the work of horror writer Dennis Wheatley.",0,direction_reversed,pos||25d6f4f660dd4cdea719
38b50d3e66a246b3,[SUBJECT] The Weeknd [CANDIDATE] Deftones [CONTEXT] Tesfaye has named Deftones as one of his influences.,1,direction_correct,pos||a69b3b2951c477e620a2
6c9c7072d47f822e,[SUBJECT] Deftones [CANDIDATE] The Weeknd [CONTEXT] Tesfaye has named Deftones as one of his influences.,0,direction_reversed,pos||a69b3b2951c477e620a2
ac34c887df4d5aa7,"[SUBJECT] Phoebe Bridgers [CANDIDATE] Blake Mills [CONTEXT] Other musical influences include Bright Eyes, the Replacements, Blake Mills, Tom Waits, Avril Lavigne, the Beatles, Jackson Browne, Taylor Swift and Nine Inch Nails.",1,direction_correct,pos||210cdf2959b8db871a45
5b2fdf8106965ccd,"[SUBJECT] Blake Mills [CANDIDATE] Phoebe Bridgers [CONTEXT] Other musical influences include Bright Eyes, the Replacements, Blake Mills, Tom Waits, Avril Lavigne, the Beatles, Jackson Browne, Taylor Swift and Nine Inch Nails.",0,direction_reversed,pos||210cdf2959b8db871a45
bac1c33aea797ac2,"[SUBJECT] Phoebe Bridgers [CANDIDATE] Tom Waits [CONTEXT] Other musical influences include Bright Eyes, the Replacements, Blake Mills, Tom Waits, Avril Lavigne, the Beatles, Jackson Browne, Taylor Swift and Nine Inch Nails.",1,direction_correct,pos||5d1570714baa1491d4ec
998a49317b343bbe,"[SUBJECT] Tom Waits [CANDIDATE] Phoebe Bridgers [CONTEXT] Other musical influences include Bright Eyes, the Replacements, Blake Mills, Tom Waits, Avril Lavigne, the Beatles, Jackson Browne, Taylor Swift and Nine Inch Nails.",0,direction_reversed,pos||5d1570714baa1491d4ec
71a68dfcca9dc917,"[SUBJECT] Phoebe Bridgers [CANDIDATE] Avril Lavigne [CONTEXT] Other musical influences include Bright Eyes, the Replacements, Blake Mills, Tom Waits, Avril Lavigne, the Beatles, Jackson Browne, Taylor Swift and Nine Inch Nails.",1,direction_correct,pos||bf8b5a14d7ae9a740518
66f5869d98bb1662,"[SUBJECT] Avril Lavigne [CANDIDATE] Phoebe Bridgers [CONTEXT] Other musical influences include Bright Eyes, the Replacements, Blake Mills, Tom Waits, Avril Lavigne, the Beatles, Jackson Browne, Taylor Swift and Nine Inch Nails.",0,direction_reversed,pos||bf8b5a14d7ae9a740518
98b3b61d5d4ea822,"[SUBJECT] Phoebe Bridgers [CANDIDATE] the Beatles [CONTEXT] Other musical influences include Bright Eyes, the Replacements, Blake Mills, Tom Waits, Avril Lavigne, the Beatles, Jackson Browne, Taylor Swift and Nine Inch Nails.",1,direction_correct,pos||8333e6ad18baf0a7f9c9
92fa42db0838164e,"[SUBJECT] the Beatles [CANDIDATE] Phoebe Bridgers [CONTEXT] Other musical influences include Bright Eyes, the Replacements, Blake Mills, Tom Waits, Avril Lavigne, the Beatles, Jackson Browne, Taylor Swift and Nine Inch Nails.",0,direction_reversed,pos||8333e6ad18baf0a7f9c9
e9e29e4c4d66a784,"[SUBJECT] Phoebe Bridgers [CANDIDATE] Jackson Browne [CONTEXT] Other musical influences include Bright Eyes, the Replacements, Blake Mills, Tom Waits, Avril Lavigne, the Beatles, Jackson Browne, Taylor Swift and Nine Inch Nails.",1,direction_correct,pos||7a99115b8bb848dff4b5
8c38be9194b4e875,"[SUBJECT] Jackson Browne [CANDIDATE] Phoebe Bridgers [CONTEXT] Other musical influences include Bright Eyes, the Replacements, Blake Mills, Tom Waits, Avril Lavigne, the Beatles, Jackson Browne, Taylor Swift and Nine Inch Nails.",0,direction_reversed,pos||7a99115b8bb848dff4b5
4085f9b7341811a4,"[SUBJECT] Phoebe Bridgers [CANDIDATE] Nine Inch Nails [CONTEXT] Other musical influences include Bright Eyes, the Replacements, Blake Mills, Tom Waits, Avril Lavigne, the Beatles, Jackson Browne, Taylor Swift and Nine Inch Nails.",1,direction_correct,pos||59f31510e4c70743b696
ca006fd3ba082f53,"[SUBJECT] Nine Inch Nails [CANDIDATE] Phoebe Bridgers [CONTEXT] Other musical influences include Bright Eyes, the Replacements, Blake Mills, Tom Waits, Avril Lavigne, the Beatles, Jackson Browne, Taylor Swift and Nine Inch Nails.",0,direction_reversed,pos||59f31510e4c70743b696
eae960f868ac567c,[SUBJECT] Grimes [CANDIDATE] Hildegard of Bingen [CONTEXT] The theories of her album Halfaxa were inspired by Hildegard of Bingen.,1,direction_correct,pos||74ac6538392efc317d96
542d91b7b446f703,[SUBJECT] Hildegard of Bingen [CANDIDATE] Grimes [CONTEXT] The theories of her album Halfaxa were inspired by Hildegard of Bingen.,0,direction_reversed,pos||74ac6538392efc317d96
05540ef25cd7cb5c,[SUBJECT] Grimes [CANDIDATE] David Bowie [CONTEXT] Grimes described a song as inspired by David Bowie.,1,direction_correct,pos||a4e2e6c58c16720e56d5
dd34659c494d2576,[SUBJECT] David Bowie [CANDIDATE] Grimes [CONTEXT] Grimes described a song as inspired by David Bowie.,0,direction_reversed,pos||a4e2e6c58c16720e56d5
f1059df1033f8cf6,"[SUBJECT] Childish Gambino [CANDIDATE] Ghostface Killah [CONTEXT] Glover stated ""I'm influenced by LCD Soundsystem as much as Ghostface Killah.""",1,direction_correct,pos||9611bf1032cd6f547646
d59e355529f4058b,"[SUBJECT] Ghostface Killah [CANDIDATE] Childish Gambino [CONTEXT] Glover stated ""I'm influenced by LCD Soundsystem as much as Ghostface Killah.""",0,direction_reversed,pos||9611bf1032cd6f547646
cd5da03e6a8e26ab,[SUBJECT] Travis Scott [CANDIDATE] Mike Dean [CONTEXT] Scott's production style is predominantly influenced by producers Mike Dean and Alex Tumay.,1,direction_correct,pos||f6268c1e19c4998ba330
53e308b22533ac2b,[SUBJECT] Mike Dean [CANDIDATE] Travis Scott [CONTEXT] Scott's production style is predominantly influenced by producers Mike Dean and Alex Tumay.,0,direction_reversed,pos||f6268c1e19c4998ba330
375e3fbd4a65b08f,[SUBJECT] Travis Scott [CANDIDATE] Alex Tumay [CONTEXT] Scott's production style is predominantly influenced by producers Mike Dean and Alex Tumay.,1,direction_correct,pos||2e3bc7aff1affeb872c8
1714e108d3bb37a7,[SUBJECT] Alex Tumay [CANDIDATE] Travis Scott [CONTEXT] Scott's production style is predominantly influenced by producers Mike Dean and Alex Tumay.,0,direction_reversed,pos||2e3bc7aff1affeb872c8
5803cd802efa01ad,"[SUBJECT] Playboi Carti [CANDIDATE] Lil Wayne [CONTEXT] Almost all of Carter's raps are freestyled, which was directly inspired by Lil Wayne.",1,direction_correct,pos||cc0f3945f8c30fd4cfef
76a18a2a97e1dcac,"[SUBJECT] Lil Wayne [CANDIDATE] Playboi Carti [CONTEXT] Almost all of Carter's raps are freestyled, which was directly inspired by Lil Wayne.",0,direction_reversed,pos||cc0f3945f8c30fd4cfef
cec65b3d11b40f73,"[SUBJECT] John Coltrane [CANDIDATE] Lester Young [CONTEXT] While in high school, Coltrane played clarinet and alto horn in a community band before switching to the saxophone, after being influenced by the likes of Lester Young and Johnny Hodges.",1,direction_correct,pos||8087e189a93e0233a2e9
d9407283c4e3ed24,"[SUBJECT] Lester Young [CANDIDATE] John Coltrane [CONTEXT] While in high school, Coltrane played clarinet and alto horn in a community band before switching to the saxophone, after being influenced by the likes of Lester Young and Johnny Hodges.",0,direction_reversed,pos||8087e189a93e0233a2e9
cae5d78b400d0596,[SUBJECT] Herbie Hancock [CANDIDATE] The Hi-Lo's [CONTEXT] Hancock was also influenced by records of the vocal group the Hi-Lo's.,1,direction_correct,pos||65383f1b249c02471246
464719103d9e15c2,[SUBJECT] The Hi-Lo's [CANDIDATE] Herbie Hancock [CONTEXT] Hancock was also influenced by records of the vocal group the Hi-Lo's.,0,direction_reversed,pos||65383f1b249c02471246
1937b41bdc891ab4,"[SUBJECT] Aphex Twin [CANDIDATE] Luke Vibert [CONTEXT] When James began programming faster, jungle-inspired breakbeats in the mid-1990s, he named friends and fellow musicians Luke Vibert and Tom Jenkinson as influences.",1,direction_correct,pos||ed435cbafceb6ef1420b
9a47cbe20edf69a1,"[SUBJECT] Luke Vibert [CANDIDATE] Aphex Twin [CONTEXT] When James began programming faster, jungle-inspired breakbeats in the mid-1990s, he named friends and fellow musicians Luke Vibert and Tom Jenkinson as influences.",0,direction_reversed,pos||ed435cbafceb6ef1420b
a7e6979e7d61d953,"[SUBJECT] Aphex Twin [CANDIDATE] Tom Jenkinson [CONTEXT] When James began programming faster, jungle-inspired breakbeats in the mid-1990s, he named friends and fellow musicians Luke Vibert and Tom Jenkinson as influences.",1,direction_correct,pos||243dc918e14095bdb7fa
98faf4494a9330c4,"[SUBJECT] Tom Jenkinson [CANDIDATE] Aphex Twin [CONTEXT] When James began programming faster, jungle-inspired breakbeats in the mid-1990s, he named friends and fellow musicians Luke Vibert and Tom Jenkinson as influences.",0,direction_reversed,pos||243dc918e14095bdb7fa
50ca03818201cadf,"[SUBJECT] The Roots [CANDIDATE] RZA [CONTEXT] The band's sound would take a darker turn during this period, heavily influenced by the Wu-Tang Clan and the RZA's grimy and haunting production style, replete with samples from old jazz and classical music.",1,direction_correct,pos||7c424eef77245a590db1
69e6ea7644a75a78,"[SUBJECT] RZA [CANDIDATE] The Roots [CONTEXT] The band's sound would take a darker turn during this period, heavily influenced by the Wu-Tang Clan and the RZA's grimy and haunting production style, replete with samples from old jazz and classical music.",0,direction_reversed,pos||7c424eef77245a590db1
700afbe24babdb46,"[SUBJECT] Pink Floyd [CANDIDATE] Radiohead [CONTEXT] Artists influenced by Pink Floyd include Radiohead, Queen, and Nine Inch Nails.",0,direction_reversed,rev||af9fd5822f6c5d29a4f1
14969c4458e5b394,"[SUBJECT] Radiohead [CANDIDATE] Pink Floyd [CONTEXT] Artists influenced by Pink Floyd include Radiohead, Queen, and Nine Inch Nails.",1,direction_correct,rev||af9fd5822f6c5d29a4f1
4368d82719a1c229,[SUBJECT] Led Zeppelin [CANDIDATE] Madonna [CONTEXT] Madonna has named Led Zeppelin as one of her influences.,0,direction_reversed,rev||80591a56c53a5b32e3f8
14d29e1e610df967,[SUBJECT] Madonna [CANDIDATE] Led Zeppelin [CONTEXT] Madonna has named Led Zeppelin as one of her influences.,1,direction_correct,rev||80591a56c53a5b32e3f8
ce8d20c9d2010ed3,[SUBJECT] Kraftwerk [CANDIDATE] Depeche Mode [CONTEXT] Depeche Mode were influenced by the pioneering electronic work of Kraftwerk.,0,direction_reversed,rev||e576a673fa3ce5b09b74
36f1dd8397e352a6,[SUBJECT] Depeche Mode [CANDIDATE] Kraftwerk [CONTEXT] Depeche Mode were influenced by the pioneering electronic work of Kraftwerk.,1,direction_correct,rev||e576a673fa3ce5b09b74
49e0ead2e4099068,[SUBJECT] Brian Eno [CANDIDATE] U2 [CONTEXT] U2's later work was heavily influenced by Brian Eno.,0,direction_reversed,rev||b91fb279fc33f3af4e9e
f1201d0434dc32f3,[SUBJECT] U2 [CANDIDATE] Brian Eno [CONTEXT] U2's later work was heavily influenced by Brian Eno.,1,direction_correct,rev||b91fb279fc33f3af4e9e
8b8fe3f8f13e6610,[SUBJECT] Aphex Twin [CANDIDATE] Radiohead [CONTEXT] Radiohead drew inspiration from the electronic innovations of Aphex Twin.,0,direction_reversed,rev||317bb8fe91a2afaa4916
8e47bf88247bda23,[SUBJECT] Radiohead [CANDIDATE] Aphex Twin [CONTEXT] Radiohead drew inspiration from the electronic innovations of Aphex Twin.,1,direction_correct,rev||317bb8fe91a2afaa4916
ab42aa3ac18f249a,[SUBJECT] Miles Davis [CANDIDATE] Herbie Hancock [CONTEXT] Herbie Hancock was profoundly influenced by Miles Davis.,0,direction_reversed,rev||5b69565dc30ed9fb9f91
14b2a87e6c48d495,[SUBJECT] Herbie Hancock [CANDIDATE] Miles Davis [CONTEXT] Herbie Hancock was profoundly influenced by Miles Davis.,1,direction_correct,rev||5b69565dc30ed9fb9f91
ffae805d7c576368,[SUBJECT] Kanye West [CANDIDATE] Kid Cudi [CONTEXT] Kid Cudi collaborated with and was influenced by Kanye West.,0,direction_reversed,rev||f52da8e7f8f688434c3f
a392d03af23059ec,[SUBJECT] Kid Cudi [CANDIDATE] Kanye West [CONTEXT] Kid Cudi collaborated with and was influenced by Kanye West.,1,direction_correct,rev||f52da8e7f8f688434c3f
962bac96ad655bf1,[SUBJECT] Björk [CANDIDATE] FKA twigs [CONTEXT] FKA twigs has been influenced by the experimental work of Björk.,0,direction_reversed,rev||5755c8d24d17698258e2
5dd90c04a1e3d8dd,[SUBJECT] FKA twigs [CANDIDATE] Björk [CONTEXT] FKA twigs has been influenced by the experimental work of Björk.,1,direction_correct,rev||5755c8d24d17698258e2
5d991cbec1575df8,[SUBJECT] Radiohead [CANDIDATE] Coldplay [CONTEXT] Coldplay were influenced by Radiohead's early albums.,0,direction_reversed,rev||6426988627867e5c8af1
1384806864b66614,[SUBJECT] Coldplay [CANDIDATE] Radiohead [CONTEXT] Coldplay were influenced by Radiohead's early albums.,1,direction_correct,rev||6426988627867e5c8af1
c124afb6a21e265f,[SUBJECT] Talking Heads [CANDIDATE] Radiohead [CONTEXT] Radiohead have cited Talking Heads as an influence on their approach to rhythm and texture.,0,direction_reversed,rev||0ff0231a01880d1462bc
de155764c607af2e,[SUBJECT] Radiohead [CANDIDATE] Talking Heads [CONTEXT] Radiohead have cited Talking Heads as an influence on their approach to rhythm and texture.,1,direction_correct,rev||0ff0231a01880d1462bc
41eca8a2b3c2b594,[SUBJECT] Talking Heads [CANDIDATE] LCD Soundsystem [CONTEXT] LCD Soundsystem drew heavy inspiration from Talking Heads.,0,direction_reversed,rev||8e40507f66171c6cff1a
628844f1e2d15397,[SUBJECT] LCD Soundsystem [CANDIDATE] Talking Heads [CONTEXT] LCD Soundsystem drew heavy inspiration from Talking Heads.,1,direction_correct,rev||8e40507f66171c6cff1a
62d6208bac82b32b,[SUBJECT] Michael Jackson [CANDIDATE] Justin Timberlake [CONTEXT] Justin Timberlake was influenced by the performance style of Michael Jackson.,0,direction_reversed,rev||4097f7f7766ed34a0353
abadda0f6e2e91ed,[SUBJECT] Justin Timberlake [CANDIDATE] Michael Jackson [CONTEXT] Justin Timberlake was influenced by the performance style of Michael Jackson.,1,direction_correct,rev||4097f7f7766ed34a0353
d2bfe134d774391a,[SUBJECT] Nas [CANDIDATE] Logic [CONTEXT] Logic cited Nas as an influence on his storytelling.,0,direction_reversed,rev||80421c8e4fb5e4cb37d5
9ece49d33e13193d,[SUBJECT] Logic [CANDIDATE] Nas [CONTEXT] Logic cited Nas as an influence on his storytelling.,1,direction_correct,rev||80421c8e4fb5e4cb37d5
75cdf006b4b96db2,[SUBJECT] The Smiths [CANDIDATE] Radiohead [CONTEXT] Radiohead were influenced by the songwriting of the Smiths.,0,direction_reversed,rev||f9871a648b3ea521a777
00cdfe46be19febb,[SUBJECT] Radiohead [CANDIDATE] The Smiths [CONTEXT] Radiohead were influenced by the songwriting of the Smiths.,1,direction_correct,rev||f9871a648b3ea521a777
5c17ac28e9acdb83,[SUBJECT] The Smiths [CANDIDATE] Arctic Monkeys [CONTEXT] Arctic Monkeys cited the Smiths as an influence.,0,direction_reversed,rev||6fa4979df62cc284a73d
9701aaec437cc85e,[SUBJECT] Arctic Monkeys [CANDIDATE] The Smiths [CONTEXT] Arctic Monkeys cited the Smiths as an influence.,1,direction_correct,rev||6fa4979df62cc284a73d
da67d2f8aef346a1,[SUBJECT] Cocteau Twins [CANDIDATE] Slowdive [CONTEXT] Slowdive were influenced by the ethereal sound of Cocteau Twins.,0,direction_reversed,rev||379563e185ef42503afe
0c26381f15d56ba5,[SUBJECT] Slowdive [CANDIDATE] Cocteau Twins [CONTEXT] Slowdive were influenced by the ethereal sound of Cocteau Twins.,1,direction_correct,rev||379563e185ef42503afe
b26747e28aa34201,[SUBJECT] Cocteau Twins [CANDIDATE] Beach House [CONTEXT] Beach House cited Cocteau Twins as an influence.,0,direction_reversed,rev||26cea76e9f7c9c0741b3
6071806773bfd73d,[SUBJECT] Beach House [CANDIDATE] Cocteau Twins [CONTEXT] Beach House cited Cocteau Twins as an influence.,1,direction_correct,rev||26cea76e9f7c9c0741b3
a61f3218b2612c4c,[SUBJECT] My Bloody Valentine [CANDIDATE] Radiohead [CONTEXT] Radiohead were influenced by My Bloody Valentine's use of texture.,0,direction_reversed,rev||d652861194a5e27f8d43
fa86d0b685784618,[SUBJECT] Radiohead [CANDIDATE] My Bloody Valentine [CONTEXT] Radiohead were influenced by My Bloody Valentine's use of texture.,1,direction_correct,rev||d652861194a5e27f8d43
2194a8191cc67843,[SUBJECT] My Bloody Valentine [CANDIDATE] Slowdive [CONTEXT] Slowdive have acknowledged the influence of My Bloody Valentine.,0,direction_reversed,rev||31249b31b0a2739f2e02
634f3803593fe46a,[SUBJECT] Slowdive [CANDIDATE] My Bloody Valentine [CONTEXT] Slowdive have acknowledged the influence of My Bloody Valentine.,1,direction_correct,rev||31249b31b0a2739f2e02
d4587a175bf968e8,[SUBJECT] Brian Eno [CANDIDATE] James Blake [CONTEXT] James Blake has cited Brian Eno as an influence.,0,direction_reversed,rev||fdb9a49bfe66de72120c
f716109803bba92e,[SUBJECT] James Blake [CANDIDATE] Brian Eno [CONTEXT] James Blake has cited Brian Eno as an influence.,1,direction_correct,rev||fdb9a49bfe66de72120c
c633d7a0baca058d,[SUBJECT] Kraftwerk [CANDIDATE] New Order [CONTEXT] New Order were influenced by Kraftwerk's electronic approach.,0,direction_reversed,rev||eefce2440ac49e1dba00
7dfdf2ff0778fdf6,[SUBJECT] New Order [CANDIDATE] Kraftwerk [CONTEXT] New Order were influenced by Kraftwerk's electronic approach.,1,direction_correct,rev||eefce2440ac49e1dba00
3f580071a56f2c21,[SUBJECT] Radiohead [CANDIDATE] Thom Yorke [CONTEXT] Thom Yorke's solo work was influenced by Radiohead.,0,direction_reversed,rev||503c99a2f43f788699be
4f0a0529a21c2083,[SUBJECT] Thom Yorke [CANDIDATE] Radiohead [CONTEXT] Thom Yorke's solo work was influenced by Radiohead.,1,direction_correct,rev||503c99a2f43f788699be
53ad1b7f6e71a032,"[SUBJECT] Black Sabbath [CANDIDATE] Soundgarden [CONTEXT] Soundgarden were influenced by the dark, heavy sound pioneered by Black Sabbath.",0,direction_reversed,rev||e536ff8f80e29669151f
b39b68365f2a580a,"[SUBJECT] Soundgarden [CANDIDATE] Black Sabbath [CONTEXT] Soundgarden were influenced by the dark, heavy sound pioneered by Black Sabbath.",1,direction_correct,rev||e536ff8f80e29669151f
5999692cbab09dfa,[SUBJECT] Black Sabbath [CANDIDATE] Electric Wizard [CONTEXT] Electric Wizard built their sound on the influence of Black Sabbath.,0,direction_reversed,rev||e19d71edb1d0aa8b6c23
ed9b70bee0522b09,[SUBJECT] Electric Wizard [CANDIDATE] Black Sabbath [CONTEXT] Electric Wizard built their sound on the influence of Black Sabbath.,1,direction_correct,rev||e19d71edb1d0aa8b6c23
4687ba8d51adef42,[SUBJECT] Jimi Hendrix [CANDIDATE] Stevie Ray Vaughan [CONTEXT] Stevie Ray Vaughan was deeply influenced by the guitar work of Jimi Hendrix.,0,direction_reversed,rev||c06d6053eae6f1f5f827
a0d3f72105576042,[SUBJECT] Stevie Ray Vaughan [CANDIDATE] Jimi Hendrix [CONTEXT] Stevie Ray Vaughan was deeply influenced by the guitar work of Jimi Hendrix.,1,direction_correct,rev||c06d6053eae6f1f5f827
4ff64698cc7de8da,[SUBJECT] Jimi Hendrix [CANDIDATE] Prince [CONTEXT] Prince frequently referenced Jimi Hendrix as an inspiration.,0,direction_reversed,rev||58e89a1d8547f63fc630
8ce9a9b2ceddbde1,[SUBJECT] Prince [CANDIDATE] Jimi Hendrix [CONTEXT] Prince frequently referenced Jimi Hendrix as an inspiration.,1,direction_correct,rev||58e89a1d8547f63fc630
c485c9a8e448b11d,[SUBJECT] Bob Marley [CANDIDATE] Lauryn Hill [CONTEXT] Lauryn Hill has cited Bob Marley as an influence on her music and message.,0,direction_reversed,rev||34a5b5086ef98938c667
bd86a928952018dd,[SUBJECT] Lauryn Hill [CANDIDATE] Bob Marley [CONTEXT] Lauryn Hill has cited Bob Marley as an influence on her music and message.,1,direction_correct,rev||34a5b5086ef98938c667
d7d671dd233220f5,[SUBJECT] Bob Marley [CANDIDATE] The Police [CONTEXT] The Police incorporated reggae elements influenced by Bob Marley.,0,direction_reversed,rev||fca174232519cd2d13cc
6bc79e3a7d1a692f,[SUBJECT] The Police [CANDIDATE] Bob Marley [CONTEXT] The Police incorporated reggae elements influenced by Bob Marley.,1,direction_correct,rev||fca174232519cd2d13cc
f473bf1e6ec68b8b,[SUBJECT] Public Enemy [CANDIDATE] Kendrick Lamar [CONTEXT] Kendrick Lamar has spoken about the influence of Public Enemy.,0,direction_reversed,rev||8e1cdbe10efe7b362f73
3e20de8f060057d8,[SUBJECT] Kendrick Lamar [CANDIDATE] Public Enemy [CONTEXT] Kendrick Lamar has spoken about the influence of Public Enemy.,1,direction_correct,rev||8e1cdbe10efe7b362f73
6b3a128fd6753d1b,[SUBJECT] Public Enemy [CANDIDATE] Run the Jewels [CONTEXT] Run the Jewels drew inspiration from the confrontational style of Public Enemy.,0,direction_reversed,rev||3dfeda36ae79613ad83f
d6a7f0b3c48ca754,[SUBJECT] Run the Jewels [CANDIDATE] Public Enemy [CONTEXT] Run the Jewels drew inspiration from the confrontational style of Public Enemy.,1,direction_correct,rev||3dfeda36ae79613ad83f
4fddad9e18bee822,[SUBJECT] Run-D.M.C. [CANDIDATE] LL Cool J [CONTEXT] LL Cool J has acknowledged the influence of Run-D.M.C.,0,direction_reversed,rev||6ce8151b2a8ae023983c
79bfd2a511408a61,[SUBJECT] LL Cool J [CANDIDATE] Run-D.M.C. [CONTEXT] LL Cool J has acknowledged the influence of Run-D.M.C.,1,direction_correct,rev||6ce8151b2a8ae023983c
cfcec296e690facc,[SUBJECT] The Clash [CANDIDATE] U2 [CONTEXT] Early U2 records reflected the influence of the Clash.,0,direction_reversed,rev||de256cec86c3b11ef105
0515cb0a70702407,[SUBJECT] U2 [CANDIDATE] The Clash [CONTEXT] Early U2 records reflected the influence of the Clash.,1,direction_correct,rev||de256cec86c3b11ef105
faef704277436eb6,[SUBJECT] Joy Division [CANDIDATE] The Cure [CONTEXT] The Cure were influenced by the bleak atmosphere of Joy Division.,0,direction_reversed,rev||4fe02d3b99e3f1b7770b
b1fa68a67df14857,[SUBJECT] The Cure [CANDIDATE] Joy Division [CONTEXT] The Cure were influenced by the bleak atmosphere of Joy Division.,1,direction_correct,rev||4fe02d3b99e3f1b7770b
3354cee5ebe435a0,[SUBJECT] Joy Division [CANDIDATE] The National [CONTEXT] The National’s early work shows the influence of Joy Division.,0,direction_reversed,rev||12829669ac05a54caab7
235931ebf918a180,[SUBJECT] The National [CANDIDATE] Joy Division [CONTEXT] The National’s early work shows the influence of Joy Division.,1,direction_correct,rev||12829669ac05a54caab7
8b6b8daa507fb1d4,[SUBJECT] The Velvet Underground [CANDIDATE] David Bowie [CONTEXT] David Bowie was influenced by the experimental work of the Velvet Underground.,0,direction_reversed,rev||1a61046734e83c222d50
dd5ee5e2ed29c0cb,[SUBJECT] David Bowie [CANDIDATE] The Velvet Underground [CONTEXT] David Bowie was influenced by the experimental work of the Velvet Underground.,1,direction_correct,rev||1a61046734e83c222d50
378b8dfc55d65001,[SUBJECT] Can [CANDIDATE] Radiohead [CONTEXT] Radiohead were influenced by the experimental rock of Can.,0,direction_reversed,rev||bd81063814856483cddf
4475c9ea6adc1b16,[SUBJECT] Radiohead [CANDIDATE] Can [CONTEXT] Radiohead were influenced by the experimental rock of Can.,1,direction_correct,rev||bd81063814856483cddf
b775662b4d3a0148,[SUBJECT] Can [CANDIDATE] Talking Heads [CONTEXT] Talking Heads drew inspiration from Can’s rhythmic experimentation.,0,direction_reversed,rev||772d7979f37efb564b3d
ff3d8b71c74d30fd,[SUBJECT] Talking Heads [CANDIDATE] Can [CONTEXT] Talking Heads drew inspiration from Can’s rhythmic experimentation.,1,direction_correct,rev||772d7979f37efb564b3d
0db89153d052a81c,[SUBJECT] Can [CANDIDATE] LCD Soundsystem [CONTEXT] LCD Soundsystem cited Can as an influence.,0,direction_reversed,rev||5ffedbcfa78d30e8c508
6fd8a0c4fffb8e08,[SUBJECT] LCD Soundsystem [CANDIDATE] Can [CONTEXT] LCD Soundsystem cited Can as an influence.,1,direction_correct,rev||5ffedbcfa78d30e8c508
1e8847ea164173c0,[SUBJECT] Miles Davis [CANDIDATE] Radiohead [CONTEXT] Radiohead drew inspiration from the electric period of Miles Davis.,0,direction_reversed,rev||7ebaaf79592e7ec76891
d556a3e53873abcb,[SUBJECT] Radiohead [CANDIDATE] Miles Davis [CONTEXT] Radiohead drew inspiration from the electric period of Miles Davis.,1,direction_correct,rev||7ebaaf79592e7ec76891
c4716b0a208784ee,[SUBJECT] Miles Davis [CANDIDATE] Herbie Hancock [CONTEXT] Herbie Hancock’s style was shaped by his work with Miles Davis.,0,direction_reversed,rev||eec4a288532013081cf5
e54901eaf4e00b46,[SUBJECT] Herbie Hancock [CANDIDATE] Miles Davis [CONTEXT] Herbie Hancock’s style was shaped by his work with Miles Davis.,1,direction_correct,rev||eec4a288532013081cf5
305654a216344e35,[SUBJECT] John Coltrane [CANDIDATE] Pharoah Sanders [CONTEXT] Pharoah Sanders was influenced by John Coltrane’s spiritual jazz.,0,direction_reversed,rev||3ee24b305946eea5113e
0bc2664413537d9d,[SUBJECT] Pharoah Sanders [CANDIDATE] John Coltrane [CONTEXT] Pharoah Sanders was influenced by John Coltrane’s spiritual jazz.,1,direction_correct,rev||3ee24b305946eea5113e
084b2b62db7ec7ef,[SUBJECT] James Brown [CANDIDATE] Michael Jackson [CONTEXT] Michael Jackson drew inspiration from James Brown.,0,direction_reversed,rev||ca0394c47ad20ef5fb42
24a775ade68231b4,[SUBJECT] Michael Jackson [CANDIDATE] James Brown [CONTEXT] Michael Jackson drew inspiration from James Brown.,1,direction_correct,rev||ca0394c47ad20ef5fb42
a77bf1ddd578ada7,[SUBJECT] Neil Young [CANDIDATE] Radiohead [CONTEXT] Radiohead cited Neil Young as an influence on their guitar work.,0,direction_reversed,rev||2c536c89d58eb9572203
3cadabd2b57fa71c,[SUBJECT] Radiohead [CANDIDATE] Neil Young [CONTEXT] Radiohead cited Neil Young as an influence on their guitar work.,1,direction_correct,rev||2c536c89d58eb9572203
048fa779ce89f1be,[SUBJECT] The Beach Boys [CANDIDATE] Fleet Foxes [CONTEXT] Fleet Foxes drew inspiration from the Beach Boys’ layered harmonies.,0,direction_reversed,rev||dbf77a0b62ecb1e67ce4
3906811cf5a693ed,[SUBJECT] Fleet Foxes [CANDIDATE] The Beach Boys [CONTEXT] Fleet Foxes drew inspiration from the Beach Boys’ layered harmonies.,1,direction_correct,rev||dbf77a0b62ecb1e67ce4
0af9c747a28fc435,[SUBJECT] Marvin Gaye [CANDIDATE] The Weeknd [CONTEXT] The Weeknd has acknowledged Marvin Gaye as an influence.,0,direction_reversed,rev||0fb2f67943c7b069117f
775799add288af51,[SUBJECT] The Weeknd [CANDIDATE] Marvin Gaye [CONTEXT] The Weeknd has acknowledged Marvin Gaye as an influence.,1,direction_correct,rev||0fb2f67943c7b069117f
39175f21c08fd9c2,[SUBJECT] Stevie Wonder [CANDIDATE] Alicia Keys [CONTEXT] Alicia Keys has frequently cited Stevie Wonder as an influence.,0,direction_reversed,rev||f52c4a6ab735a4f8c1ab
e0b58a10237cb533,[SUBJECT] Alicia Keys [CANDIDATE] Stevie Wonder [CONTEXT] Alicia Keys has frequently cited Stevie Wonder as an influence.,1,direction_correct,rev||f52c4a6ab735a4f8c1ab
264ee59c5b1ffa44,[SUBJECT] Talking Heads [CANDIDATE] St. Vincent [CONTEXT] St. Vincent has cited Talking Heads as an influence on her rhythmic guitar work.,0,direction_reversed,rev||4ba50f369feaa79183f4
a9f6e5de6340ff83,[SUBJECT] St. Vincent [CANDIDATE] Talking Heads [CONTEXT] St. Vincent has cited Talking Heads as an influence on her rhythmic guitar work.,1,direction_correct,rev||4ba50f369feaa79183f4
c2846a9e20e279d8,[SUBJECT] Talking Heads [CANDIDATE] Vampire Weekend [CONTEXT] Vampire Weekend drew inspiration from Talking Heads’ art-pop sensibility.,0,direction_reversed,rev||b976c4e45e42e94a5b43
a8f89d5c15ee042e,[SUBJECT] Vampire Weekend [CANDIDATE] Talking Heads [CONTEXT] Vampire Weekend drew inspiration from Talking Heads’ art-pop sensibility.,1,direction_correct,rev||b976c4e45e42e94a5b43
8dc30e0f7ad04868,[SUBJECT] Talking Heads [CANDIDATE] Foals [CONTEXT] Foals have cited Talking Heads as an influence.,0,direction_reversed,rev||8f9e34ae297559458f12
16ff253295484a79,[SUBJECT] Foals [CANDIDATE] Talking Heads [CONTEXT] Foals have cited Talking Heads as an influence.,1,direction_correct,rev||8f9e34ae297559458f12
96340fed58140b01,[SUBJECT] Kate Bush [CANDIDATE] Björk [CONTEXT] Björk has frequently cited Kate Bush as an influence.,0,direction_reversed,rev||cc341f4ed47308577f44
48d334533b9124cd,[SUBJECT] Björk [CANDIDATE] Kate Bush [CONTEXT] Björk has frequently cited Kate Bush as an influence.,1,direction_correct,rev||cc341f4ed47308577f44
1b5f32513501683b,[SUBJECT] Kate Bush [CANDIDATE] St. Vincent [CONTEXT] St. Vincent has acknowledged the influence of Kate Bush.,0,direction_reversed,rev||23d23523abc54d624a32
e82a7c18ee5bdc97,[SUBJECT] St. Vincent [CANDIDATE] Kate Bush [CONTEXT] St. Vincent has acknowledged the influence of Kate Bush.,1,direction_correct,rev||23d23523abc54d624a32
3a95715767616d57,[SUBJECT] The Smiths [CANDIDATE] Jeff Buckley [CONTEXT] Jeff Buckley was influenced by the songwriting of the Smiths.,0,direction_reversed,rev||f3dbc97d69011c472a53
ec5ceaafc2077470,[SUBJECT] Jeff Buckley [CANDIDATE] The Smiths [CONTEXT] Jeff Buckley was influenced by the songwriting of the Smiths.,1,direction_correct,rev||f3dbc97d69011c472a53
2b9dfe2b42edb2a7,[SUBJECT] The Smiths [CANDIDATE] The National [CONTEXT] The National cited the Smiths as an influence on their lyrical style.,0,direction_reversed,rev||b01dc063cc231f43127c
ae602b05784b1710,[SUBJECT] The National [CANDIDATE] The Smiths [CONTEXT] The National cited the Smiths as an influence on their lyrical style.,1,direction_correct,rev||b01dc063cc231f43127c
b85187fd67b475e3,[SUBJECT] The Smiths [CANDIDATE] Belle and Sebastian [CONTEXT] Belle and Sebastian were influenced by the work of the Smiths.,0,direction_reversed,rev||ed5ed3725d812cbc53f7
6c352d545a3e2d9a,[SUBJECT] Belle and Sebastian [CANDIDATE] The Smiths [CONTEXT] Belle and Sebastian were influenced by the work of the Smiths.,1,direction_correct,rev||ed5ed3725d812cbc53f7
f258c7b43f0b062c,[SUBJECT] Radiohead [CANDIDATE] James Blake [CONTEXT] James Blake has cited Radiohead as an influence.,0,direction_reversed,rev||24dea0bc4c51c8dbd4f5
e9401afc30f47aaa,[SUBJECT] James Blake [CANDIDATE] Radiohead [CONTEXT] James Blake has cited Radiohead as an influence.,1,direction_correct,rev||24dea0bc4c51c8dbd4f5
bbf84d70896aefad,[SUBJECT] Radiohead [CANDIDATE] Alt-J [CONTEXT] Alt-J have acknowledged the influence of Radiohead.,0,direction_reversed,rev||245d2cc610e0202a31c7
b45ddd9352bfba7f,[SUBJECT] Alt-J [CANDIDATE] Radiohead [CONTEXT] Alt-J have acknowledged the influence of Radiohead.,1,direction_correct,rev||245d2cc610e0202a31c7
d69a0565e329a24a,[SUBJECT] Aphex Twin [CANDIDATE] SOPHIE [CONTEXT] SOPHIE drew inspiration from the experimental electronic work of Aphex Twin.,0,direction_reversed,rev||064904c82e37be76664c
296c44114e4071dd,[SUBJECT] SOPHIE [CANDIDATE] Aphex Twin [CONTEXT] SOPHIE drew inspiration from the experimental electronic work of Aphex Twin.,1,direction_correct,rev||064904c82e37be76664c
18cb661b785ad20f,[SUBJECT] Jay-Z [CANDIDATE] J. Cole [CONTEXT] J. Cole has cited Jay-Z as an influence.,0,direction_reversed,rev||6bb4b46ac4e59a1cc281
91d8be44f332c4f8,[SUBJECT] J. Cole [CANDIDATE] Jay-Z [CONTEXT] J. Cole has cited Jay-Z as an influence.,1,direction_correct,rev||6bb4b46ac4e59a1cc281
587330728b8ed32e,[SUBJECT] Jay-Z [CANDIDATE] Big Sean [CONTEXT] Big Sean cited Jay-Z as an inspiration.,0,direction_reversed,rev||db12d8d4e55334cda41b
c612be687faab283,[SUBJECT] Big Sean [CANDIDATE] Jay-Z [CONTEXT] Big Sean cited Jay-Z as an inspiration.,1,direction_correct,rev||db12d8d4e55334cda41b
4d5f3ec5a8280e98,[SUBJECT] OutKast [CANDIDATE] Kendrick Lamar [CONTEXT] Kendrick Lamar has cited OutKast as an influence.,0,direction_reversed,rev||1d128187cbcc2673ea34
6896916b27970aee,[SUBJECT] Kendrick Lamar [CANDIDATE] OutKast [CONTEXT] Kendrick Lamar has cited OutKast as an influence.,1,direction_correct,rev||1d128187cbcc2673ea34
351b4875ae46a8d5,[SUBJECT] Daft Punk [CANDIDATE] LCD Soundsystem [CONTEXT] LCD Soundsystem cited Daft Punk as an influence.,0,direction_reversed,rev||fd13ab736a7141aa577d
baab65a871ad10a6,[SUBJECT] LCD Soundsystem [CANDIDATE] Daft Punk [CONTEXT] LCD Soundsystem cited Daft Punk as an influence.,1,direction_correct,rev||fd13ab736a7141aa577d
b2ed18aba96a2522,[SUBJECT] Daft Punk [CANDIDATE] Calvin Harris [CONTEXT] Calvin Harris acknowledged the influence of Daft Punk.,0,direction_reversed,rev||4dcf1f391dbfe3568c27
5a3acff7e8a5d0c6,[SUBJECT] Calvin Harris [CANDIDATE] Daft Punk [CONTEXT] Calvin Harris acknowledged the influence of Daft Punk.,1,direction_correct,rev||4dcf1f391dbfe3568c27
9a2e5bdd864996f6,[SUBJECT] Metallica [CANDIDATE] Avenged Sevenfold [CONTEXT] Avenged Sevenfold cited Metallica as an influence.,0,direction_reversed,rev||6150ffdc077e9f343762
8d31187f8826567f,[SUBJECT] Avenged Sevenfold [CANDIDATE] Metallica [CONTEXT] Avenged Sevenfold cited Metallica as an influence.,1,direction_correct,rev||6150ffdc077e9f343762
e3c8e90c6375104f,[SUBJECT] Metallica [CANDIDATE] Trivium [CONTEXT] Trivium were influenced by the work of Metallica.,0,direction_reversed,rev||42f017a8667a92a8c9c6
24d2af40234c948a,[SUBJECT] Trivium [CANDIDATE] Metallica [CONTEXT] Trivium were influenced by the work of Metallica.,1,direction_correct,rev||42f017a8667a92a8c9c6
9e7dc36bd79a1fb6,[SUBJECT] Metallica [CANDIDATE] Slipknot [CONTEXT] Members of Slipknot have cited Metallica as an influence.,0,direction_reversed,rev||7590aa6df618990ab7cc
b092f274ffd1ca3d,[SUBJECT] Slipknot [CANDIDATE] Metallica [CONTEXT] Members of Slipknot have cited Metallica as an influence.,1,direction_correct,rev||7590aa6df618990ab7cc
65beddd27fddec6a,[SUBJECT] Black Sabbath [CANDIDATE] Sleep [CONTEXT] Sleep were heavily influenced by Black Sabbath.,0,direction_reversed,rev||13865aa5d0596734d424
a4c4e44dc9689660,[SUBJECT] Sleep [CANDIDATE] Black Sabbath [CONTEXT] Sleep were heavily influenced by Black Sabbath.,1,direction_correct,rev||13865aa5d0596734d424
7d28e599f5447f88,[SUBJECT] Billie Holiday [CANDIDATE] Erykah Badu [CONTEXT] Erykah Badu’s phrasing and jazz-inflected vocals are deeply rooted in the influence of Billie Holiday.,0,direction_reversed,rev||747de833fa397d7fbd57
089722e0d69465f9,[SUBJECT] Erykah Badu [CANDIDATE] Billie Holiday [CONTEXT] Erykah Badu’s phrasing and jazz-inflected vocals are deeply rooted in the influence of Billie Holiday.,1,direction_correct,rev||747de833fa397d7fbd57
ef8b7db4100f0626,[SUBJECT] Joni Mitchell [CANDIDATE] Taylor Swift [CONTEXT] Taylor Swift’s autobiographical approach to songwriting was significantly influenced by the work of Joni Mitchell.,0,direction_reversed,rev||883468efdbf4becfa831
d4aded7f551c9cdb,[SUBJECT] Taylor Swift [CANDIDATE] Joni Mitchell [CONTEXT] Taylor Swift’s autobiographical approach to songwriting was significantly influenced by the work of Joni Mitchell.,1,direction_correct,rev||883468efdbf4becfa831
d6dc2f55bbeab244,[SUBJECT] Siouxsie and the Banshees [CANDIDATE] LCD Soundsystem [CONTEXT] James Murphy has acknowledged the influence of Siouxsie and the Banshees on the post-punk elements of LCD Soundsystem’s music.,0,direction_reversed,rev||d83b7f58c35fa0b5568b
96b4fe98acdfca4c,[SUBJECT] LCD Soundsystem [CANDIDATE] Siouxsie and the Banshees [CONTEXT] James Murphy has acknowledged the influence of Siouxsie and the Banshees on the post-punk elements of LCD Soundsystem’s music.,1,direction_correct,rev||d83b7f58c35fa0b5568b
31930972ca7675b7,[SUBJECT] New Order [CANDIDATE] M83 [CONTEXT] Anthony Gonzalez has cited the melodic synth-pop of New Order as a primary inspiration for the sound of M83.,0,direction_reversed,rev||dad22d71e89860a8a1b5
1aa2b675a66d7341,[SUBJECT] M83 [CANDIDATE] New Order [CONTEXT] Anthony Gonzalez has cited the melodic synth-pop of New Order as a primary inspiration for the sound of M83.,1,direction_correct,rev||dad22d71e89860a8a1b5
